2020-10-04T17:53:40.651208200,celery,celery,celery,celery,celery,celery
2020-10-04T18:07:44.501928300,celery,celery,celery,celery,celery,celery
2020-10-04T18:13:32.405511200,celery,celery,celery,celery,celery,celery
2020-10-05T18:13:32.405511200,celery,celery,celery,celery,celery,celery
2020-10-06T18:13:32.405511200,celery,celery,celery,celery,celery,celery
2020-10-07T18:13:32.405511200,celery,celery,celery,celery,celery,celery
2020-10-08T18:13:32.405511200,celery,celery,celery,celery,celery,celery
2020-10-09T18:13:32.405511200,celery,celery,celery,celery,celery,celery
2020-10-04T20:07:48.650707600,ketchup
