{
"results":[
  {
    "adult": false,
    "backdrop_path": "/bwYhIvGPh81gLRTx3gWnU0Ho6nc.jpg",
    "genre_ids": [
      35
    ],
    "id": 8363,
    "original_language": "en",
    "original_title": "Superbad",
    "overview": "Two co-dependent high school seniors are forced to deal with separation anxiety after their plan to stage a booze-soaked party goes awry.",
    "popularity": 43.865,
    "poster_path": "/ek8e8txUyUwd2BNqj6lFEerJfbq.jpg",
    "release_date": "2007-03-20",
    "title": "Superbad",
    "video": false,
    "vote_average": 7.1,
    "vote_count": 4836
  },
  {
    "adult": false,
    "backdrop_path": "/4nbYHZ5UrMqGixtHKM6leSqdPb0.jpg",
    "genre_ids": [
      35
    ],
    "id": 38570,
    "original_language": "en",
    "original_title": "The 41–Year–Old Virgin Who Knocked Up Sarah Marshall and Felt Superbad About It",
    "overview": "Follows Andy, who needs to hook up with a hottie, pronto, because he hasn't had sex in... well, forever - and his luck isn't the only thing that's hard. His equally horny teenage roommates also need it superbad, and with the help of their nerdy pal, McAnalovin' and his fake I.D., they may tap more than just a keg.",
    "popularity": 6.075,
    "poster_path": "/83JJDmqO7FqoK7y2dzyK3eshphv.jpg",
    "release_date": "2010-06-08",
    "title": "The 41–Year–Old Virgin Who Knocked Up Sarah Marshall and Felt Superbad About It",
    "video": false,
    "vote_average": 3.6,
    "vote_count": 83
  },
  {
    "adult": false,
    "backdrop_path": null,
    "genre_ids": [
      35
    ],
    "id": 424322,
    "original_language": "ru",
    "original_title": "Суперплохие",
    "overview": "Contemporary Moscow. Danya, a struggling actor, has just lost his girlfriend. His troubles soon multiply when his younger brother Dima shows up at his apartment with a friend who has a bullet in his stomach.",
    "popularity": 0.6,
    "poster_path": "/hO8W9BAjPBAawbTa9nmvc0Qfil6.jpg",
    "release_date": "2016-10-13",
    "title": "Superbad",
    "video": false,
    "vote_average": 3.7,
    "vote_count": 3
  }
]
}
